Date,Predicted Volatility (Transformer),Actual Volatility
2021-01-07,0.01218602,0.007558265794417075
2021-01-08,0.011761715,0.007548072160318321
2021-01-11,0.009460734,0.0082073484399016
2021-01-12,0.010503569,0.007948623346113551
2021-01-13,0.00894144,0.007842367174589922
2021-01-14,0.012081585,0.008046628050157396
2021-01-15,0.0116425585,0.008380364122228921
2021-01-19,0.011823496,0.0069431541322872836
2021-01-20,0.012315571,0.007710729091126471
2021-01-21,0.011443022,0.0076825556809906655
2021-01-22,0.012457579,0.006632761686382834
2021-01-25,0.012865877,0.0065194767711702585
2021-01-26,0.014968151,0.006061874719775028
2021-01-27,0.012281562,0.010250653089787927
2021-01-28,0.011088503,0.010647579879421729
2021-01-29,0.013987198,0.012315102450795848
2021-02-01,0.012674338,0.013436762611800615
2021-02-02,0.0130699985,0.013973097247973312
2021-02-03,0.011715123,0.01322495119818231
2021-02-04,0.01019866,0.013744695984887305
2021-02-05,0.014696522,0.013707827098878316
2021-02-08,0.016725332,0.013830745835754346
2021-02-09,0.010509288,0.013816483038023393
2021-02-10,0.012435056,0.010373063770184683
2021-02-11,0.012181996,0.010278629713604237
2021-02-12,0.011501187,0.00613922516022123
2021-02-16,0.011231765,0.005258742557125528
2021-02-17,0.01148264,0.0040630193057031435
2021-02-18,0.011736998,0.004617272219790543
2021-02-19,0.010707656,0.0035328380443945717
2021-02-22,0.010803134,0.004284779172623646
2021-02-23,0.0127462,0.003398685881109437
2021-02-24,0.01213274,0.005026273129269758
2021-02-25,0.010984473,0.009295229428658373
2021-02-26,0.013296049,0.009247838507795095
2021-03-01,0.011135643,0.012408370540434175
2021-03-02,0.0133179035,0.012600034869109591
2021-03-03,0.011517894,0.013125253302109549
2021-03-04,0.009724696,0.013474362755210897
2021-03-05,0.012840146,0.01517161467236071
2021-03-08,0.009251407,0.01507584716647509
2021-03-09,0.012557425,0.01584409457891988
2021-03-10,0.010888228,0.015542772975363118
2021-03-11,0.011833077,0.013374822921141075
2021-03-12,0.012663781,0.013084933876502143
2021-03-15,0.0082405815,0.011048687422395368
2021-03-16,0.01205833,0.01061747006001623
2021-03-17,0.0126808025,0.00904605734288928
2021-03-18,0.013185171,0.009517394890944374
2021-03-19,0.012241404,0.008160731931545826
2021-03-22,0.013167878,0.007987921920221835
2021-03-23,0.010763465,0.007657832338692961
2021-03-24,0.011296258,0.007638807182834204
2021-03-25,0.01069786,0.006803817615594018
2021-03-26,0.011691004,0.00868883545344452
2021-03-29,0.011544662,0.008465108919189281
2021-03-30,0.012964324,0.008488700753273869
2021-03-31,0.009944368,0.008520808732221084
2021-04-01,0.016640337,0.00744059685177545
2021-04-05,0.00967345,0.008149400402501672
2021-04-06,0.011600158,0.008133011297344077
2021-04-07,0.009304947,0.007240794964124383
2021-04-08,0.010443223,0.006495873079181407
2021-04-09,0.008923463,0.006460612033435221
2021-04-12,0.012035782,0.0054134596462432185
2021-04-13,0.011660573,0.0052101873490798594
2021-04-14,0.011777286,0.005339278213486576
2021-04-15,0.012335266,0.005725069258947515
2021-04-16,0.011484787,0.005348306732025186
2021-04-19,0.012426002,0.0046987427904647185
2021-04-20,0.012868679,0.005540016796722462
2021-04-21,0.014996871,0.006059437465174836
2021-04-22,0.012301788,0.006935955314122556
2021-04-23,0.011134402,0.007321487226537251
2021-04-26,0.0139488755,0.007320209466200371
2021-04-27,0.012677745,0.007320051538727488
2021-04-28,0.0130490055,0.007177464953053859
2021-04-29,0.011625183,0.006664469514933877
2021-04-30,0.010172122,0.006988519486000318
2021-05-03,0.014720283,0.006791773218027969
2021-05-04,0.016783087,0.006643464332688776
2021-05-05,0.010531081,0.005937426517994951
2021-05-06,0.012349793,0.00555150119995541
2021-05-07,0.012203979,0.005056009426825011
2021-05-10,0.011481154,0.006119167037964083
2021-05-11,0.0111589795,0.006758299845753652
2021-05-12,0.011285352,0.009426640954549334
2021-05-13,0.01171087,0.010154609181860908
2021-05-14,0.01053372,0.011429756276298069
2021-05-17,0.0108037,0.011417713472497494
2021-05-18,0.012760609,0.011580728868783195
2021-05-19,0.012175103,0.011587919177351252
2021-05-20,0.011020441,0.011825966815300263
2021-05-21,0.013389344,0.011481206372764745
2021-05-24,0.011126115,0.011639259246288699
2021-05-25,0.013306092,0.01123203249932165
2021-05-26,0.011526787,0.007973123484679955
2021-05-27,0.009708428,0.007415416254724014
2021-05-28,0.012828505,0.0058109093956873244
2021-06-01,0.009250906,0.0057334331481282055
2021-06-02,0.012387779,0.004629554503156975
2021-06-03,0.010874416,0.00476695755819833
2021-06-04,0.01177704,0.004490768021959311
2021-06-07,0.012585893,0.004507374734846505
2021-06-08,0.008118076,0.0034541229355440762
2021-06-09,0.012010484,0.0034060065612242256
2021-06-10,0.012593486,0.0034096528855124156
2021-06-11,0.013119642,0.0034178079796409818
2021-06-14,0.012293205,0.003437299526630577
2021-06-15,0.013152383,0.003522314527598824
2021-06-16,0.010756909,0.0040381827534055215
2021-06-17,0.011327237,0.003801750397431525
2021-06-18,0.010720904,0.004735893073481324
2021-06-21,0.011572443,0.006897094716020123
2021-06-22,0.011561415,0.0070801780370711755
2021-06-23,0.012941444,0.007058974624244429
2021-06-24,0.009960484,0.007260872127847184
2021-06-25,0.016737284,0.00731923641321146
2021-06-28,0.00969452,0.00731332199565223
2021-06-29,0.012467253,0.0072507247213461565
2021-06-30,0.00935903,0.006873247364777835
2021-07-01,0.010515875,0.006934954761981074
2021-07-02,0.0089399535,0.004277110412216326
2021-07-06,0.012098279,0.003233820517991317
2021-07-07,0.011713205,0.0031957737817755855
2021-07-08,0.011807998,0.004610071632049404
2021-07-09,0.012378429,0.0052552514528078275
2021-07-12,0.01151679,0.005255924227887802
2021-07-13,0.012544907,0.005585829841089315
2021-07-14,0.012867006,0.005567569154575373
2021-07-15,0.015052341,0.0058220749261417015
2021-07-16,0.012381714,0.006271474416581972
2021-07-19,0.011187319,0.007312908344149264
2021-07-20,0.014063204,0.008962271023182753
2021-07-21,0.012756265,0.00926532202068967
2021-07-22,0.013156858,0.008826225574298581
2021-07-23,0.011717207,0.008737236763765912
2021-07-26,0.010176673,0.00870781619508126
2021-07-27,0.014780606,0.008773334130196596
2021-07-28,0.016828714,0.008780369542777965
2021-07-29,0.010568784,0.008732097653371667
2021-07-30,0.012407312,0.008477665499090924
2021-08-02,0.012214297,0.0063691056214717455
2021-08-03,0.011506292,0.005319759911187664
2021-08-04,0.011187332,0.005319178716563242
2021-08-05,0.011413118,0.005563726669868899
2021-08-06,0.011739472,0.004733804105403313
2021-08-09,0.010594538,0.0046899320319555935
2021-08-10,0.010845312,0.004373033162875629
2021-08-11,0.012763244,0.0043674286424901475
2021-08-12,0.012201846,0.004238956249489745
2021-08-13,0.011016498,0.003691438030025919
2021-08-16,0.013382492,0.0034581562448970983
2021-08-17,0.011152661,0.0038312294506479944
2021-08-18,0.01333014,0.005068803312265734
2021-08-19,0.01154947,0.004634226473175131
2021-08-20,0.009722884,0.005318965579048858
2021-08-23,0.012864951,0.005933525514508273
2021-08-24,0.009253398,0.0059365596126352395
2021-08-25,0.012466772,0.005931252134615489
2021-08-26,0.010904635,0.006312542552374232
2021-08-27,0.011769733,0.006837033849839031
2021-08-30,0.012642199,0.006910870961546445
2021-08-31,0.008210027,0.006394839052201193
2021-09-01,0.011997397,0.004701803170181908
2021-09-02,0.012651227,0.004676689464475005
2021-09-03,0.013136963,0.004439558155679195
2021-09-07,0.012333592,0.0040832279699525124
2021-09-08,0.0131952595,0.004134375254277591
2021-09-09,0.010772048,0.004396429918549987
2021-09-10,0.01133494,0.0046825030068398605
2021-09-13,0.01076195,0.0036508884843346264
2021-09-14,0.011520803,0.003392724640124858
2021-09-15,0.011581628,0.004661224063598851
2021-09-16,0.012944647,0.004647732495057502
2021-09-17,0.010047384,0.005120948583197035
2021-09-20,0.016760727,0.0068315078337051706
2021-09-21,0.0097529115,0.006915994487140194
2021-09-22,0.012554351,0.0081363869901797
2021-09-23,0.012910045,0.009290439671072195
2021-09-24,0.010389593,0.009004399325520916
2021-09-27,0.008845382,0.008986570918522018
2021-09-28,0.012007792,0.01082567682528962
2021-09-29,0.011661686,0.010289934324357222
2021-09-30,0.011732787,0.010687570116626124
2021-10-01,0.0123285325,0.011577954445894205
2021-10-04,0.01147534,0.011065994646487986
2021-10-05,0.012461761,0.01170752313494721
2021-10-06,0.0128208045,0.011287254520044572
2021-10-07,0.0149479965,0.010871515680973293
2021-10-08,0.012298155,0.010870366935688727
2021-10-11,0.011146625,0.011034175082750548
2021-10-12,0.013999656,0.008997142826356686
2021-10-13,0.012674204,0.009055820558818789
2021-10-14,0.013088765,0.009290929582692994
2021-10-15,0.011592973,0.008939607791577044
2021-10-18,0.010106844,0.0070442311493032535
2021-10-19,0.014711102,0.00683619462491474
2021-10-20,0.016766192,0.006835731445039189
2021-10-21,0.010521947,0.006672093752755484
2021-10-22,0.012327344,0.00665081206634509
2021-10-25,0.012188421,0.005440351259833031
2021-10-26,0.011435627,0.005007445410273482
2021-10-27,0.011085639,0.005845664498336691
2021-10-28,0.0113092465,0.004323053130715313
2021-10-29,0.011661217,0.004087269435455523
2021-11-01,0.010481956,0.004096599296636658
2021-11-02,0.010782657,0.0037392867923906857
2021-11-03,0.012726457,0.003899881560982003
2021-11-04,0.012157333,0.003944862580032775
2021-11-05,0.010989065,0.0036740593637293634
2021-11-08,0.013343714,0.0036761166068771615
2021-11-09,0.011071739,0.004183793646756153
2021-11-10,0.01326377,0.004905466470398906
2021-11-11,0.0115089575,0.004161076294640554
2021-11-12,0.009629886,0.004593842031482168
2021-11-15,0.012806818,0.004616002161743623
2021-11-16,0.00922099,0.004618560347483807
2021-11-17,0.012350796,0.004467629918899409
2021-11-18,0.010852241,0.00436212835640522
2021-11-19,0.011698394,0.004283636022446176
2021-11-22,0.012573488,0.004373483332183425
2021-11-23,0.008103067,0.004250260824894095
2021-11-24,0.011905858,0.00318983315712337
2021-11-26,0.0125586195,0.008284536989587827
2021-11-29,0.013067894,0.009028948586623845
2021-11-30,0.0122664245,0.010761017178554204
2021-12-01,0.013128473,0.010854827427664365
2021-12-02,0.010706403,0.012480304564397924
2021-12-03,0.011317803,0.012472012421843445
2021-12-06,0.010701465,0.013410687563098538
2021-12-07,0.011451192,0.0152029793200867
2021-12-08,0.011553101,0.015219234194082635
2021-12-09,0.012819799,0.015349279543746661
2021-12-10,0.009981415,0.013435993528467914
2021-12-13,0.016687667,0.013649332141729737
2021-12-14,0.009660227,0.012205976365497187
2021-12-15,0.012409744,0.012012897678307068
2021-12-16,0.012864609,0.011967702188345102
2021-12-17,0.0123971,0.012065651952919856
2021-12-20,0.0087563265,0.012069890061143562
2021-12-21,0.01192272,0.011520815115613842
2021-12-22,0.01158081,0.012014213110627378
2021-12-23,0.011645461,0.011940719801923176
2021-12-27,0.01225069,0.012398612485118716
2021-12-28,0.011407118,0.011518926159391575
2021-12-29,0.012381952,0.011041535821990777
2021-12-30,0.012757473,0.01027996240051139
2021-12-31,0.014837143,0.009705332845613172
2022-01-03,0.012211495,0.008751379118914132
2022-01-04,0.01108167,0.007205481258307175
2022-01-05,0.013932041,0.009228889661151285
2022-01-06,0.012597144,0.008686474984957917
2022-01-07,0.013026161,0.00848887349696734
2022-01-10,0.011476213,0.0066068701106771375
2022-01-11,0.010029601,0.007688068581063184
2022-01-12,0.014621086,0.007763635675324455
2022-01-13,0.016667869,0.00871441155082367
2022-01-14,0.010451227,0.00875902153505977
2022-01-18,0.012272955,0.009505378182642793
2022-01-19,0.01213739,0.009541818153617375
2022-01-20,0.0113675315,0.008459321349947698
2022-01-21,0.011002705,0.009525046308693762
2022-01-24,0.0112381345,0.010033409878800257
2022-01-25,0.011562337,0.010075888099185071
2022-01-26,0.010394882,0.00844949778262938
2022-01-27,0.010699384,0.007675778045682007
2022-01-28,0.0126813585,0.012684806909166249
2022-01-31,0.012082564,0.014584410795718422
2022-02-01,0.010950338,0.013919776797571675
2022-02-02,0.013272878,0.01382024960294785
2022-02-03,0.010989006,0.015492964141210446
2022-02-04,0.01318348,0.013899885128582179
2022-02-07,0.011448688,0.014018760198773817
2022-02-08,0.0095239915,0.013299278588413913
2022-02-09,0.012752567,0.013528460597268274
2022-02-10,0.009170162,0.01511979203000335
2022-02-11,0.012263283,0.01509666268470217
2022-02-14,0.0107906815,0.013673867769324506
2022-02-15,0.011629167,0.01462797042531771
2022-02-16,0.012516203,0.014153427731293045
2022-02-17,0.008006929,0.01378897602260467
2022-02-18,0.011806589,0.013617197979306826
2022-02-22,0.012459938,0.01382730515603071
2022-02-23,0.013013237,0.013796414848098565
2022-02-24,0.012171178,0.01396378953121346
2022-02-25,0.013036726,0.015907405801693628
2022-02-28,0.010639582,0.014667305364174772
2022-03-01,0.011290619,0.015398069697919542
2022-03-02,0.010628599,0.015686551615354614
2022-03-03,0.011390665,0.015673532467077606
2022-03-04,0.011518012,0.014455656300032779
2022-03-07,0.012681786,0.01704769648022519
2022-03-08,0.009890865,0.016915629873867404
2022-03-09,0.016569676,0.018322025501373792
2022-03-10,0.009561784,0.017680354382351614
2022-03-11,0.012291547,0.01610366494886103
2022-03-14,0.012777537,0.016120662684902923
2022-03-15,0.0123179285,0.017563772770686947
2022-03-16,0.010974806,0.018057942929350368
2022-03-17,0.0119325,0.018417229740945545
2022-03-18,0.011605059,0.018286048058063484
2022-03-21,0.011631032,0.014327899028410586
2022-03-22,0.012276749,0.013587907307909033
2022-03-23,0.011431194,0.013301246426603327
2022-03-24,0.012432552,0.013079374113632108
2022-03-25,0.012751958,0.01143310256387947
2022-03-28,0.014849045,0.010161626019012788
2022-03-29,0.012243153,0.009247371945739342
2022-03-30,0.011088977,0.008815112175062029
2022-03-31,0.013967186,0.010535813265666428
2022-04-01,0.0126179345,0.010133557896317204
2022-04-04,0.013068544,0.010354509029041843
2022-04-05,0.011478812,0.010785750787658968
2022-04-06,0.010020209,0.010448585698405552
2022-04-07,0.014650214,0.009911583442725504
2022-04-08,0.016669482,0.009743628088357258
2022-04-11,0.01047639,0.010511758824520767
2022-04-12,0.012258876,0.008838885265193207
2022-04-13,0.012159976,0.01029884026525355
2022-04-14,0.01137661,0.009935113214333057
2022-04-18,0.01099736,0.009828033396421229
2022-04-19,0.011246437,0.011013688004895142
2022-04-20,0.011571259,0.010397461915712692
2022-04-21,0.010383516,0.010927615172244411
2022-04-22,0.010715051,0.013409403737436276
2022-04-25,0.012702979,0.013877913800790157
2022-04-26,0.012084275,0.015572058577405044
2022-04-27,0.0109587,0.015804564089202878
2022-04-28,0.013271268,0.01776131972371668
2022-04-29,0.010991824,0.02080882129304513
2022-05-02,0.013183001,0.021104265334852816
2022-05-03,0.011452958,0.020096272478676732
2022-05-04,0.009520115,0.023160698628898527
2022-05-05,0.012756207,0.02520837698611663
2022-05-06,0.009159743,0.023933723540088242
2022-05-09,0.012246071,0.025311805946979415
2022-05-10,0.010790572,0.024178101309639752
2022-05-11,0.0116093205,0.024290809521175624
2022-05-12,0.012509799,0.02187786709685356
2022-05-13,0.008003662,0.02140572447483004
2022-05-16,0.0117888255,0.021177591710827913
2022-05-17,0.0124584455,0.022417032717987184
2022-05-18,0.012993287,0.02247723656491659
2022-05-19,0.012171046,0.02035835356292208
2022-05-20,0.0130296135,0.02046454216507768
2022-05-23,0.010637582,0.019260716234845113
2022-05-24,0.011302129,0.0193571600812999
2022-05-25,0.010656261,0.018849115949612975
2022-05-26,0.011355664,0.019653199326840773
2022-05-27,0.011524086,0.019729280227748648
2022-05-31,0.012671847,0.0197988970774869
2022-06-01,0.009909234,0.019080120696592272
2022-06-02,0.016580725,0.013102097448239028
2022-06-03,0.009581074,0.014525393717246926
2022-06-06,0.012295621,0.01445536677101311
2022-06-07,0.012807997,0.01381492163770196
2022-06-08,0.012303362,0.01420888638305758
2022-06-09,0.010977983,0.017120121133797194
2022-06-10,0.010178677,0.01820754914594787
2022-06-13,0.011505048,0.018127993544934756
2022-06-14,0.011485206,0.018245314070102596
2022-06-15,0.01215456,0.019835168769937208
2022-06-16,0.011334282,0.01883765704446728
2022-06-17,0.012241821,0.019375656527253118
2022-06-21,0.012659995,0.022258862750318298
2022-06-22,0.0146928,0.021502966001020835
2022-06-23,0.012063293,0.02243757997421261
2022-06-24,0.011009869,0.024441038992741103
2022-06-27,0.0137975,0.022498917216294625
2022-06-28,0.012486319,0.01945019165571841
2022-06-29,0.0129325725,0.01940797224770374
2022-06-30,0.011258773,0.019169328451167266
2022-07-01,0.009859785,0.015323297775858499
2022-07-05,0.014519279,0.015317992583009272
2022-07-06,0.01657443,0.013473257872392175
2022-07-07,0.010380447,0.013939797558057118
2022-07-08,0.0120673515,0.013826860991008057
2022-07-11,0.012035293,0.010324475258066365
2022-07-12,0.011223438,0.01058677106263648
2022-07-13,0.010750548,0.008489758979771462
2022-07-14,0.011063822,0.00851220562237314
2022-07-15,0.011362725,0.010000608176757858
2022-07-18,0.010102318,0.010010864188729108
2022-07-19,0.010579355,0.013037076341023848
2022-07-20,0.012557671,0.013082753398404439
2022-07-21,0.012005237,0.01270088944063436
2022-07-22,0.010905784,0.013186835568191361
2022-07-25,0.013256664,0.012372381939064904
2022-07-26,0.010841899,0.012714638038139256
2022-07-27,0.013044832,0.014241838160088382
2022-07-28,0.011377179,0.014083826368837647
2022-07-29,0.009325656,0.013758054946670383
2022-08-01,0.012662667,0.013246098160442747
2022-08-02,0.009095428,0.011956989093719476
2022-08-03,0.012010515,0.012496681959957977
2022-08-04,0.010695641,0.012472412005634237
2022-08-05,0.011478894,0.011847646401496124
2022-08-08,0.012382329,0.011924629407529039
2022-08-09,0.007803502,0.010963831875581599
2022-08-10,0.011555123,0.010035731550197113
2022-08-11,0.012252857,0.009692815456709752
2022-08-12,0.012846716,0.00990674895899103
2022-08-15,0.012045117,0.009617379973582496
2022-08-16,0.012898257,0.00891771250872945
2022-08-17,0.010555139,0.008930192922163786
2022-08-18,0.011275012,0.008829657690378134
2022-08-19,0.010537863,0.010207094859247036
2022-08-22,0.01119257,0.012604027519771261
2022-08-23,0.011476568,0.01254512667113134
2022-08-24,0.01239727,0.010404815423042647
2022-08-25,0.009808597,0.011511297096055941
2022-08-26,0.016381213,0.014372934023902235
2022-08-29,0.009370396,0.013967812138940643
2022-08-30,0.012056341,0.013721338632153413
2022-08-31,0.012628111,0.01372133953015615
2022-09-01,0.011979563,0.013763649611628254
2022-09-02,0.010903884,0.01366877533200639
2022-09-06,0.010056094,0.012787015704065327
2022-09-07,0.011248558,0.014813753955866845
2022-09-08,0.011586723,0.015006686650180146
2022-09-09,0.012256078,0.015251098324405632
2022-09-12,0.011453516,0.010933966522289493
2022-09-13,0.012363272,0.018234079537969128
2022-09-14,0.01275854,0.01802711925779456
2022-09-15,0.014770581,0.01823854803500859
2022-09-16,0.012174929,0.01825511479866256
2022-09-19,0.011219862,0.018252548129823375
2022-09-20,0.013927129,0.018582022058254283
2022-09-21,0.012548903,0.01784067620274944
2022-09-22,0.013001268,0.01742357597375236
2022-09-23,0.011314507,0.01578999888660621
2022-09-26,0.00999898,0.014122071365328594
2022-09-27,0.01460303,0.008539316190020862
2022-09-28,0.016851852,0.01170753317389638
2022-09-29,0.010483674,0.012492396852806207
2022-09-30,0.012168292,0.012779700621676665
2022-10-03,0.012137909,0.016183970782676613
2022-10-04,0.01123037,0.019665294419555567
2022-10-05,0.010776885,0.01894674214643461
2022-10-06,0.01108828,0.019018472517440217
2022-10-07,0.011514495,0.020395069851879572
2022-10-10,0.010115731,0.019989446514294275
2022-10-11,0.010684747,0.020069364299557524
2022-10-12,0.012697779,0.01868690674269989
2022-10-13,0.012096781,0.019838277603610805
2022-10-14,0.011025167,0.020645313044646018
2022-10-17,0.01351384,0.020546960597620834
2022-10-18,0.010875677,0.018217328012989694
2022-10-19,0.0131463995,0.018280361136002357
2022-10-20,0.011506323,0.018220971811492504
2022-10-21,0.00939259,0.017339310703586786
2022-10-24,0.0127640935,0.017122201266958403
2022-10-25,0.009177495,0.01687076719688146
2022-10-26,0.012097004,0.017226207216044936
2022-10-27,0.010809197,0.016145828954888947
2022-10-28,0.011567107,0.014075990799717525
2022-10-31,0.012506959,0.013444062359628188
2022-11-01,0.007837783,0.01352934982208829
2022-11-02,0.011662039,0.016263203428394064
2022-11-03,0.012388191,0.01637819431258903
2022-11-04,0.012999879,0.015138197509716289
2022-11-07,0.012270367,0.014943279380793843
2022-11-08,0.013011334,0.014063863769984745
2022-11-09,0.010600498,0.015315297396603542
2022-11-10,0.011334064,0.023152108482519574
2022-11-11,0.010612008,0.022269657253282234
2022-11-14,0.011261801,0.02233968190169703
2022-11-15,0.0115263695,0.022297440172534697
2022-11-16,0.012563399,0.020244227635497897
2022-11-17,0.009960471,0.019779078824285624
2022-11-18,0.016598199,0.019580240125430012
2022-11-21,0.009547656,0.01969677509774385
2022-11-22,0.012071873,0.01994473289875942
2022-11-23,0.012828838,0.01787081971116577
2022-11-25,0.012091334,0.007622077499415219
2022-11-28,0.011043093,0.00893977492851557
2022-11-29,0.010153579,0.008530647623344106
2022-11-30,0.011294146,0.012757959084511512
2022-12-01,0.010596662,0.012357719684801845
2022-12-02,0.012302707,0.012247549901007636
2022-12-05,0.011514546,0.013949204200251196
2022-12-06,0.012441106,0.01472632647352694
2022-12-07,0.012807726,0.013899330246021621
2022-12-08,0.014853676,0.014025706237443732
2022-12-09,0.012305071,0.014132258876845294
2022-12-12,0.01134662,0.014075596808429637
2022-12-13,0.014046501,0.014074728835662858
2022-12-14,0.012644472,0.009686804995337433
2022-12-15,0.013075671,0.011991802003187913
2022-12-16,0.01139432,0.012121159167740498
2022-12-19,0.010048336,0.011400998570003429
2022-12-20,0.014676885,0.011031916595165314
2022-12-21,0.017010067,0.012464888070723663
2022-12-22,0.010561479,0.012481274667672522
2022-12-23,0.012206564,0.012724579662255393
2022-12-27,0.012179527,0.011310859985227188
2022-12-28,0.01125816,0.011160787634733719
2022-12-29,0.010777465,0.013355854000407435
2022-12-30,0.011054319,0.011048388011668561
2023-01-03,0.011602579,0.010450695802112322
2023-01-04,0.010115037,0.010369687591515036
2023-01-05,0.010753125,0.011085100250791456
2023-01-06,0.012760473,0.012447241847958663
2023-01-09,0.012133222,0.011436033299053938
2023-01-10,0.011073822,0.011517705431243244
2023-01-11,0.0136043,0.011743143017801674
2023-01-12,0.010919486,0.010351929979131287
2023-01-13,0.013176888,0.009466219656513026
2023-01-17,0.011563992,0.009450307324220574
2023-01-18,0.009459273,0.011127505861092584
2023-01-19,0.012834678,0.011382207550371897
2023-01-20,0.009227161,0.01155681810100241
2023-01-23,0.012144606,0.010065938904986527
2023-01-24,0.010860808,0.010065014575442358
2023-01-25,0.0115969125,0.01000026732919574
2023-01-26,0.0125659015,0.009849416642882384
2023-01-27,0.007888155,0.009834705030464313
2023-01-30,0.011695784,0.010873193931210145
2023-01-31,0.012485111,0.011665316208318567
2023-02-01,0.013075916,0.010004525973394789
2023-02-02,0.012421226,0.00945199629804559
2023-02-03,0.013064525,0.009976237071432805
2023-02-06,0.010614912,0.01005402829532156
2023-02-07,0.011369337,0.010507020374917308
2023-02-08,0.0106819365,0.011464325675456256
2023-02-09,0.011288216,0.011532639688632832
2023-02-10,0.011551161,0.011527466055534284
2023-02-13,0.012648786,0.010961797490893028
2023-02-14,0.010054948,0.010230048499644134
2023-02-15,0.016749525,0.009753898007045297
2023-02-16,0.009703105,0.009413256399534095
2023-02-17,0.012156072,0.00896297199710789
2023-02-21,0.012930357,0.010705813407275663
2023-02-22,0.012132746,0.009258575737316312
2023-02-23,0.011115713,0.009343178305282014
2023-02-24,0.010202179,0.009539217198626744
2023-02-27,0.011288185,0.009622598133864882
2023-02-28,0.010640808,0.008213050449271394
2023-03-01,0.010768005,0.008120413956644977
2023-03-02,0.011505436,0.008717744169701142
2023-03-03,0.012462623,0.010004663942372382
2023-03-06,0.012780088,0.010005015148497153
2023-03-07,0.014845014,0.00916634916233739
2023-03-08,0.012338699,0.009169599107618128
2023-03-09,0.011373275,0.01068047001678428
2023-03-10,0.014101272,0.011019737019381148
2023-03-13,0.012669349,0.01081662137099302
2023-03-14,0.013097218,0.012490246429207043
2023-03-15,0.011394884,0.012573756380597365
2023-03-16,0.010010208,0.01361868560093817
2023-03-17,0.014686482,0.012719528249740401
2023-03-20,0.01700959,0.013337710358012967
2023-03-21,0.010567399,0.013199276071179012
2023-03-22,0.012196841,0.014279925334128623
2023-03-23,0.012184763,0.012933554826760892
2023-03-24,0.011245046,0.011974094861049838
2023-03-27,0.010738742,0.011874064176993205
2023-03-28,0.011023169,0.010875064863644243
2023-03-29,0.0115893595,0.011308310020372987
2023-03-30,0.010079109,0.010257138313244683
2023-03-31,0.010739864,0.009633197829140575
2023-04-03,0.012797748,0.009443870586227436
2023-04-04,0.0120933885,0.009235323656956125
2023-04-05,0.01107076,0.006732034446204609
2023-04-06,0.013557691,0.006488105624143946
2023-04-10,0.010890894,0.006476504530079903
2023-04-11,0.013128859,0.006552285239775027
2023-04-12,0.011536567,0.00674189481762215
2023-04-13,0.009427854,0.006488059901553507
2023-04-14,0.012830201,0.006626494721393393
2023-04-17,0.009202751,0.005252810965179488
2023-04-18,0.012124726,0.005185017975816322
2023-04-19,0.01082922,0.00476819454302704
2023-04-20,0.011545709,0.005145252957152098
2023-04-21,0.012556399,0.005053432388899548
2023-04-24,0.00788002,0.00505465976990071
2023-04-25,0.011650162,0.007327705906457794
2023-04-26,0.012500255,0.007342699032224548
2023-04-27,0.013083288,0.008892550673596209
2023-04-28,0.012450976,0.009234952351646324
2023-05-01,0.0130258305,0.009187953844918953
2023-05-02,0.0105718365,0.009894055532531138
2023-05-03,0.011366867,0.010091728571793397
2023-05-04,0.010685574,0.010163645844264596
2023-05-05,0.011235295,0.011949626240288641
2023-05-08,0.011532226,0.011944028872179347
2023-05-09,0.01259906,0.010695866528182756
2023-05-10,0.010060135,0.01055996178177426
2023-05-11,0.01676107,0.008573897686781889
2023-05-12,0.009760751,0.008061515559999002
2023-05-15,0.012152906,0.008178137948089904
2023-05-16,0.012906197,0.007628830452682066
2023-05-17,0.012114243,0.008071198833847843
2023-05-18,0.011082394,0.007772898952681786
2023-05-19,0.010174344,0.0059007678261603705
2023-05-22,0.011268167,0.005905623166435189
2023-05-23,0.010637442,0.006939227425158425
2023-05-24,0.01078551,0.007274980077449943
2023-05-25,0.012393857,0.007811552073827596
2023-05-26,0.01247721,0.008689996013806739
2023-05-30,0.012784246,0.008695567403581687
2023-05-31,0.014858257,0.008640823835466114
2023-06-01,0.012330043,0.00841705618618118
2023-06-02,0.011371769,0.008996734898945317
2023-06-05,0.014092056,0.009008976555542333
2023-06-06,0.012628684,0.008988222844502415
2023-06-07,0.013077556,0.008333021393221656
2023-06-08,0.011307705,0.007548918763351404
2023-06-09,0.009990971,0.007374306961485757
2023-06-12,0.014696312,0.006879139354498496
2023-06-13,0.017018417,0.006891077960013682
2023-06-14,0.010584665,0.0060825322162427605
2023-06-15,0.0121451495,0.006332922603820741
2023-06-16,0.012198955,0.005784534173009214
2023-06-20,0.011230019,0.006111781595282551
2023-06-21,0.010714751,0.006582923950139261
2023-06-22,0.010952776,0.005946420588331309
2023-06-23,0.011581718,0.0066431499834355414
2023-06-26,0.010007686,0.006862850160363852
2023-06-27,0.010745021,0.007150411035070768
2023-06-28,0.012806923,0.006873752248737947
2023-06-29,0.012116308,0.006970651670829494
2023-06-30,0.01109051,0.006953515318144157
2023-07-03,0.0135903135,0.0068013837719304625
2023-07-05,0.010868763,0.006578437458284212
2023-07-06,0.013110494,0.006962410639773854
2023-07-07,0.011534298,0.006985956660999593
2023-07-10,0.009407117,0.006393793990272769
2023-07-11,0.012821261,0.006240167284814277
2023-07-12,0.009188776,0.00579408029219867
2023-07-13,0.0120543,0.006064920292842493
2023-07-14,0.010818509,0.006182212429342778
2023-07-17,0.011513271,0.005218592946116653
2023-07-18,0.012525267,0.005500741350926588
2023-07-19,0.0077916165,0.005325332020695671
2023-07-20,0.011588927,0.004897229000138253
2023-07-21,0.012423874,0.0046462227878687305
2023-07-24,0.013013574,0.004661380528246251
2023-07-25,0.012451483,0.004502459057150429
2023-07-26,0.013019503,0.004259802157021525
2023-07-27,0.010572349,0.0044020914869781595
2023-07-28,0.01138023,0.005144133638244778
2023-07-31,0.010706534,0.005097621481820878
2023-08-01,0.011152366,0.004822991533389341
2023-08-02,0.011530697,0.006619769025334329
2023-08-03,0.012575931,0.006410440830098479
2023-08-04,0.010075134,0.006518683336093039
2023-08-07,0.016782936,0.0070649115257110364
2023-08-08,0.009752658,0.00702480267759293
2023-08-09,0.012100578,0.0071896454661194336
2023-08-10,0.012910591,0.007058896270903492
2023-08-11,0.012025484,0.005972010779613864
2023-08-14,0.011086446,0.006325834093478744
2023-08-15,0.010165561,0.006974931896647672
2023-08-16,0.011204245,0.006067798519864151
2023-08-17,0.010597425,0.00630397013463336
2023-08-18,0.010692772,0.006333292802815075
2023-08-21,0.012373517,0.005949722987375863
2023-08-22,0.011338407,0.005923372378608091
2023-08-23,0.012687351,0.007027697823148231
2023-08-24,0.014640931,0.008094828127387562
2023-08-25,0.012046843,0.008599827099564873
2023-08-28,0.011142756,0.008659850721499086
2023-08-29,0.013812164,0.009106835078820518
2023-08-30,0.012393498,0.008579118706027237
2023-08-31,0.012832476,0.007970848050718593
2023-09-01,0.011040726,0.007913805150277524
2023-09-05,0.009773292,0.008156853666747219
2023-09-06,0.014464872,0.008538448809907435
2023-09-07,0.016731743,0.00799299016842222
2023-09-08,0.010424136,0.006308940391216158
2023-09-11,0.011900735,0.0062752829948885015
2023-09-12,0.011977951,0.006481253081966393
2023-09-13,0.011074362,0.0044160243052288675
2023-09-14,0.010474595,0.005149970463808469
2023-09-15,0.010723542,0.006570045486139328
2023-09-18,0.011292932,0.00654854441316012
2023-09-19,0.009728497,0.006474936099453304
2023-09-20,0.010534091,0.006774022941065307
2023-09-21,0.01257224,0.008315815326418929
2023-09-22,0.011984733,0.00820309857671067
2023-09-25,0.010964115,0.007891931186667315
2023-09-26,0.013456558,0.009380874850871404
2023-09-27,0.010697342,0.009337699620202342
2023-09-28,0.0128832115,0.00887708965021505
2023-09-29,0.01138048,0.00845903862303617
2023-10-02,0.00919007,0.008327197588602498
2023-10-03,0.012675831,0.008768604105951247
2023-10-04,0.009096746,0.009434228748106432
2023-10-05,0.011782564,0.008307400565053644
2023-10-06,0.010612087,0.009373303891570985
2023-10-09,0.011316601,0.00954160342427531
2023-10-10,0.012301501,0.006951274822247732
2023-10-11,0.007530296,0.006952967602724165
2023-10-12,0.011298646,0.007307190638055393
2023-10-13,0.012144343,0.007529085695739411
2023-10-16,0.01277824,0.008069356376832326
2023-10-17,0.012201539,0.00608034233196095
2023-10-18,0.012832716,0.00783243390242262
2023-10-19,0.0104774125,0.008501950963780472
2023-10-20,0.01131019,0.008381610778521726
2023-10-23,0.010535398,0.007840436840168507
2023-10-24,0.011008008,0.008126978944761675
2023-10-25,0.0114474,0.008519070788723137
2023-10-26,0.012258909,0.008861795675935409
2023-10-27,0.009841248,0.00886208392293004
2023-10-30,0.016447578,0.009148297624038735
2023-10-31,0.009437358,0.009657503160211878
2023-11-01,0.01183416,0.010159206144292596
2023-11-02,0.012627194,0.011705007849062844
2023-11-03,0.0116441855,0.010910695036005955
2023-11-06,0.010911492,0.01078241342098901
2023-11-07,0.010005753,0.010693654124353982
2023-11-08,0.011065098,0.008876672550117202
2023-11-09,0.010433548,0.007994557875395386
2023-11-10,0.010434983,0.007832134814239791
2023-11-13,0.012096356,0.008026706872842569
2023-11-14,0.01121659,0.009119423012670177
2023-11-15,0.012607938,0.009142209615440157
2023-11-16,0.0148202395,0.008023587501344442
2023-11-17,0.01219786,0.00791840741203414
2023-11-20,0.011283628,0.008018692169684104
2023-11-21,0.01392537,0.008274059177992604
2023-11-22,0.012512698,0.008211998633885427
2023-11-24,0.012957514,0.007278615247362126
2023-11-27,0.011180603,0.006472870034692437
2023-11-28,0.009914355,0.0063565782228642825
2023-11-29,0.014581229,0.0029503466425134057
2023-11-30,0.016870769,0.0030343085737632547
2023-12-01,0.010532184,0.0033372606261422824
2023-12-04,0.01204687,0.003990632876310956
2023-12-05,0.0120611675,0.0032386889006566673
2023-12-06,0.011144535,0.0034618911191245127
2023-12-07,0.01061224,0.0040560653688590355
2023-12-08,0.010879762,0.004213327791839426
2023-12-11,0.0114424415,0.004161175887385627
2023-12-12,0.009896855,0.004274476928019889
2023-12-13,0.010659025,0.0054961818507493
2023-12-14,0.012616746,0.005496844546791966
2023-12-15,0.012112267,0.005637198115483555
2023-12-18,0.0110262055,0.0050048978131596285
2023-12-19,0.013543568,0.004839029789636302
2023-12-20,0.010800006,0.008412260914105293
2023-12-21,0.012992328,0.00859990486499673
2023-12-22,0.01148956,0.008596117709839202
2023-12-26,0.00928348,0.008602528700447306
2023-12-27,0.012793502,0.008576502758022856
2023-12-28,0.009171571,0.007662363530740652
2023-12-29,0.01194205,0.007737075902108131
2024-01-02,0.010744575,0.007979223090045283
2024-01-03,0.011368499,0.008156061421106064
2024-01-04,0.012438099,0.007803287593175266
2024-01-05,0.0076730447,0.00524314601606401
2024-01-08,0.011385603,0.006065332230635985
2024-01-09,0.012267598,0.006050930484605187
2024-01-10,0.012857937,0.006164146405471774
2024-01-11,0.012371894,0.0061373991425284335
2024-01-12,0.012994136,0.006142328195834141
2024-01-16,0.010568292,0.006176629292464583
2024-01-17,0.011352808,0.006164219078142991
2024-01-18,0.010652116,0.005976412149062947
2024-01-19,0.011058916,0.00660229967232091
2024-01-22,0.011501434,0.006577057872669518
2024-01-23,0.012386029,0.005477027877888115
2024-01-24,0.00999874,0.005393859172524846
2024-01-25,0.016570032,0.0053919348044716734
2024-01-26,0.009596331,0.00542407613142841
2024-01-29,0.0119728455,0.005657106965361498
2024-01-30,0.012786433,0.0053678498812171835
2024-01-31,0.011757308,0.00790107350585002
2024-02-01,0.011050859,0.008433683619312845
2024-02-02,0.010095029,0.008177888199018862
2024-02-05,0.011099485,0.008382603719015598
2024-02-06,0.010502112,0.008377167856584787
2024-02-07,0.0105492985,0.008587885149436725
2024-02-08,0.01217553,0.00853934361355732
2024-02-09,0.011332045,0.008532546227443694
2024-02-12,0.012727634,0.008391899490215775
2024-02-13,0.011619528,0.00971533670319435
2024-02-14,0.011883093,0.007855758486940603
2024-02-15,0.010919953,0.007171186411104622
2024-02-16,0.013564667,0.006947896643092065
2024-02-20,0.012274721,0.00713751833372726
2024-02-21,0.012677095,0.007107567314726207
2024-02-22,0.010906079,0.009338259088106544
2024-02-23,0.009638136,0.009339650521862395
2024-02-26,0.014318054,0.009386896577751996
2024-02-27,0.01639083,0.009374838977119252
2024-02-28,0.01031911,0.007930001369171387
2024-02-29,0.011708061,0.007617132822170947
2024-03-01,0.011753553,0.007884673644822203
2024-03-04,0.0110086715,0.007611019072430589
2024-03-05,0.0103081195,0.008262207489312843
2024-03-06,0.010582975,0.008314113636799646
2024-03-07,0.011049377,0.006099325439070008
2024-03-08,0.009572388,0.006550961020241105
2024-03-11,0.010369348,0.00637812430499647
2024-03-12,0.012274946,0.007025963694840758
2024-03-13,0.011910017,0.0070441673458817595
2024-03-14,0.010842145,0.007132525528818191
2024-03-15,0.013278015,0.007059833742927711
2024-03-18,0.010644198,0.007429098097657446
2024-03-19,0.012688314,0.006572604102075309
2024-03-20,0.011274175,0.006898724545682709
2024-03-21,0.009022603,0.00639550069878405
2024-03-22,0.012583109,0.005939332595148196
2024-03-25,0.009050152,0.006111924608896187
2024-03-26,0.011571458,0.00534541919189981
2024-03-27,0.01048805,0.00589018282977304
2024-03-28,0.011120579,0.005782917425683499
2024-04-01,0.012109752,0.004850419102728429
2024-04-02,0.0074027423,0.005247768323488832
2024-04-03,0.011056762,0.004965404138671203
2024-04-04,0.011927914,0.005384289970501139
2024-04-05,0.012542224,0.006617945768211739
2024-04-08,0.0120111955,0.006620123540502893
2024-04-09,0.012720196,0.006573669297898548
2024-04-10,0.010474015,0.007242939201341624
2024-04-11,0.011241497,0.007073914357316356
2024-04-12,0.010453776,0.008172756217384605
2024-04-15,0.010950717,0.00875797461321735
2024-04-16,0.011404495,0.008699364836249932
2024-04-17,0.011968588,0.008610218535872623
2024-04-18,0.009652307,0.008054626727384943
2024-04-19,0.016090408,0.006769857584917339
2024-04-22,0.009184366,0.007964784599828181
2024-04-23,0.011734015,0.009315861745697113
2024-04-24,0.012253047,0.008987309092479714
2024-04-25,0.0112506375,0.008403626353645832
2024-04-26,0.0107993,0.008249444832984228
2024-04-29,0.009907208,0.007148512076927429
2024-04-30,0.010979162,0.008971760545492419
2024-05-01,0.010280855,0.008826921902485138
2024-05-02,0.0102640595,0.009229237391630804
2024-05-03,0.011821794,0.009159755524910128
2024-05-06,0.011191766,0.009251719817860063
2024-05-07,0.0124980835,0.008747067971001676
2024-05-08,0.011008228,0.008737487317344096
2024-05-09,0.010071337,0.00846450126610767
2024-05-10,0.01087629,0.008162413297067708
2024-05-13,0.013634097,0.008176821523750795
2024-05-14,0.012331804,0.00512080366051617
2024-05-15,0.012731713,0.004998964068940862
2024-05-16,0.011005153,0.0054316194026487906
2024-05-17,0.009613633,0.004708272445297653
2024-05-20,0.014343292,0.004074815042726021
2024-05-21,0.016441785,0.0040505799372226306
2024-05-22,0.010303265,0.004344270143078098
2024-05-23,0.011717436,0.00515551424226541
2024-05-24,0.011829768,0.005441116170763291
2024-05-28,0.011056388,0.005431320948829281
2024-05-29,0.010375953,0.005985964607379693
2024-05-30,0.010608516,0.004684809857951245
2024-05-31,0.011080061,0.005647916027578743
2024-06-03,0.009632112,0.005617292944013219
2024-06-04,0.010389051,0.005627239718249971
2024-06-05,0.012428705,0.006813312692551481
2024-06-06,0.011841341,0.00671091829452689
2024-06-07,0.010859331,0.006132194402018221
2024-06-10,0.013240705,0.005899473724653628
2024-06-11,0.010689377,0.0059228845713943535
2024-06-12,0.012801734,0.005550351704501635
2024-06-13,0.011244912,0.004565705544592951
2024-06-14,0.009119078,0.004232901679186156
2024-06-17,0.012558011,0.00450478579390084
2024-06-18,0.009029093,0.004470740652006836
2024-06-20,0.011587124,0.003776838303924842
2024-06-21,0.010487921,0.003907605905510366
2024-06-24,0.011237517,0.004038861547034798
2024-06-25,0.012101151,0.004076579895808563
2024-06-26,0.007478475,0.00400213143548717
2024-06-27,0.011249561,0.003319876928703349
2024-06-28,0.01202992,0.0036595262364064306
2024-07-01,0.012652334,0.003687298501855803
2024-07-02,0.011912548,0.0033181496824099582
2024-07-03,0.01263653,0.0034869144576640085
2024-07-05,0.010423464,0.003551989941352408
2024-07-08,0.011252805,0.003350425799079977
2024-07-09,0.01044509,0.0029757462605027496
2024-07-10,0.01101312,0.0037183109503572437
2024-07-11,0.011420761,0.0052133122256956405
2024-07-12,0.012075359,0.005388378421990038
2024-07-15,0.009605703,0.004917500771260645
2024-07-16,0.016196568,0.004978338487757242
2024-07-17,0.00918746,0.007315484217288129
2024-07-18,0.011816444,0.007791617781643242
2024-07-19,0.012345392,0.00775123255615457
2024-07-22,0.011509812,0.008542215496116013
2024-07-23,0.0107435,0.008546057779458027
2024-07-24,0.009911011,0.010326483435231954
2024-07-25,0.011078492,0.010205509812006784
2024-07-26,0.01033505,0.010796834793271195
2024-07-29,0.010384035,0.010696048935814585
2024-07-30,0.011945955,0.010233282280525802
2024-07-31,0.011149517,0.011269085427292568
2024-08-01,0.012468946,0.01173434529687359
2024-08-02,0.011039981,0.012905434654522359
2024-08-05,0.010066615,0.014406241225370502
2024-08-06,0.012494918,0.015264296296766441
2024-08-07,0.013544441,0.014081280862179085
2024-08-08,0.012260428,0.016472064015334457
2024-08-09,0.012630949,0.016028178385845446
2024-08-12,0.010894701,0.0160242240270264
2024-08-13,0.009529608,0.01699803819602072
2024-08-14,0.014270975,0.016184273897577373
2024-08-15,0.016325807,0.016501870473702687
2024-08-16,0.010260554,0.014800024833299305
2024-08-19,0.011585664,0.00898844109631043
2024-08-20,0.011731834,0.009426328689857618
2024-08-21,0.010983331,0.008225304685140518
2024-08-22,0.0102568455,0.007814958525523658
2024-08-23,0.010428725,0.008041058298272818
2024-08-26,0.010970414,0.008327111488843828
2024-08-27,0.009490297,0.007306719633852963
2024-08-28,0.010302084,0.007891267663931037
2024-08-29,0.012315413,0.006077658844436801
2024-08-30,0.011810665,0.006641878407037132
2024-09-03,0.010795151,0.009074870757666107
2024-09-04,0.013168237,0.009078144520580747
2024-09-05,0.010621585,0.008891430594060926
2024-09-06,0.012650241,0.009888234731843802
2024-09-09,0.011175268,0.009953202500320016
2024-09-10,0.009022201,0.010164174132157162
2024-09-11,0.0125161,0.010916005815011856
2024-09-12,0.009016967,0.011182693571319846
2024-09-13,0.011446355,0.011292485974131112
2024-09-16,0.010390835,0.010883593247570935
2024-09-17,0.011099524,0.008224750925950599
2024-09-18,0.01199209,0.00827851586877294
2024-09-19,0.007361905,0.009341282703269532
2024-09-20,0.011091724,0.006447622666300217
2024-09-23,0.011924142,0.006139544865583202
2024-09-24,0.012539684,0.006155646490582809
2024-09-25,0.011898475,0.006542026347466634
2024-09-26,0.012583576,0.006262726688546236
2024-09-27,0.0103989765,0.006296976548659586
2024-09-30,0.011206028,0.0063779046913882914
2024-10-01,0.0104006305,0.007331411709811406
2024-10-02,0.010925723,0.0072084540932188905
2024-10-03,0.011383394,0.004638813780906833
2024-10-04,0.011924433,0.005506675553864453
2024-10-07,0.009549711,0.006177945500160374
2024-10-08,0.016092978,0.006905114548040534
2024-10-09,0.009137412,0.006833814005188847
2024-10-10,0.011723913,0.006803548624690981
2024-10-11,0.012207909,0.006942030439905921
2024-10-14,0.011262904,0.007205484785824283
2024-10-15,0.010682201,0.006952190268264781
2024-10-16,0.009878711,0.006970882381799307
2024-10-17,0.010976693,0.00685600804992954
2024-10-18,0.0102513805,0.006494950956915502
2024-10-21,0.010281362,0.005423088954917635
2024-10-22,0.011841169,0.0049725782631241675
2024-10-23,0.011108186,0.0056864606203534335
2024-10-24,0.012415245,0.005673468392020042
2024-10-25,0.010964604,0.005332980082634121
2024-10-28,0.010007971,0.004643825067686562
2024-10-29,0.01242967,0.0038772070531305504
2024-10-30,0.013774364,0.003734687451788221
2024-10-31,0.012350225,0.007156506105983557
2024-11-01,0.012741833,0.007212623833351162
2024-11-04,0.011027112,0.007207381790874505
2024-11-05,0.009645499,0.008542470175196947
2024-11-06,0.014372419,0.011244598102146909
2024-11-07,0.016473027,0.011379544966183923
2024-11-08,0.0103203645,0.011336903322271032
2024-11-11,0.011717963,0.011364406833494434
2024-11-12,0.011870564,0.011523476774518145
2024-11-13,0.011079285,0.011369225543775193
2024-11-14,0.010420848,0.008940623208523745
2024-11-15,0.010567687,0.010441158677837823
2024-11-18,0.011128454,0.010322142981185
2024-11-19,0.009656722,0.009853430265534771
2024-11-20,0.0104170665,0.006025303449932108
2024-11-21,0.01248912,0.005690509618245554
2024-11-22,0.011854415,0.005601463941220517
2024-11-25,0.0108708,0.005696012448805287
2024-11-26,0.013248055,0.005899878030961828
2024-11-27,0.010714662,0.006025746322081963
2024-11-29,0.012845421,0.005684445607769056
2024-12-02,0.011247198,0.0026939520870309427
2024-12-03,0.009175281,0.0027775991900710084
2024-12-04,0.0125672575,0.0029862706380583376
2024-12-05,0.009054846,0.00323302705846466
2024-12-06,0.011596622,0.0031274923910268085
2024-12-09,0.010507403,0.0039012855912743494
2024-12-10,0.0112982895,0.004098282973324987
2024-12-11,0.012107188,0.004369212644431111
2024-12-12,0.0074863746,0.0046433593891130635
2024-12-13,0.011340837,0.0043736377964308385
